{"cameraMode":{"drawMode":0,"name":"Shaded","section":"Shading Mode"},"sceneLighting":false,"audioPlay":false,"sceneViewState":{"showFog":true,"showMaterialUpdate":false,"showSkybox":true,"showFlares":true,"showImageEffects":true,"showParticleSystems":true},"in2DMode":false,"pivot":{"x":0.6669330596923828,"y":-2.079153060913086,"z":0.9177703857421875},"rotation":{"x":-0.10069697350263596,"y":0.8906838297843933,"z":-0.24105601012706757,"w":-0.3720678687095642},"size":34.233402252197269,"orthographic":false}