{"cameraMode":{"drawMode":0,"name":"Shaded","section":"Shading Mode"},"sceneLighting":false,"audioPlay":false,"sceneViewState":{"showFog":true,"showMaterialUpdate":false,"showSkybox":true,"showFlares":true,"showImageEffects":true,"showParticleSystems":true},"in2DMode":false,"pivot":{"x":-0.0961465835571289,"y":0.9865784645080566,"z":-0.23782014846801759},"rotation":{"x":0.11698578298091889,"y":0.8752753138542175,"z":-0.26387453079223635,"w":0.3880434036254883},"size":4.286825656890869,"orthographic":false}