{"cameraMode":{"drawMode":0,"name":"Shaded","section":"Shading Mode"},"sceneLighting":false,"audioPlay":false,"sceneViewState":{"showFog":true,"showMaterialUpdate":false,"showSkybox":false,"showFlares":true,"showImageEffects":true,"showParticleSystems":true},"in2DMode":false,"pivot":{"x":0.13900180160999299,"y":-0.6103702783584595,"z":0.6026594042778015},"rotation":{"x":-0.14540264010429383,"y":0.8002537488937378,"z":-0.2152954787015915,"w":-0.5404627323150635},"size":3.6000568866729738,"orthographic":false}