{"cameraMode":{"drawMode":0,"name":"Shaded","section":"Shading Mode"},"sceneLighting":false,"audioPlay":false,"sceneViewState":{"showFog":true,"showMaterialUpdate":false,"showSkybox":true,"showFlares":true,"showImageEffects":true,"showParticleSystems":true},"in2DMode":false,"pivot":{"x":-1.0080146789550782,"y":-2.89585018157959,"z":2.590623617172241},"rotation":{"x":0.11698578298091889,"y":0.8752753138542175,"z":-0.26387453079223635,"w":0.3880434036254883},"size":24.99785041809082,"orthographic":false}