{"cameraMode":{"drawMode":0,"name":"Shaded","section":"Shading Mode"},"sceneLighting":false,"audioPlay":false,"sceneViewState":{"showFog":true,"showMaterialUpdate":false,"showSkybox":true,"showFlares":true,"showImageEffects":true,"showParticleSystems":true},"in2DMode":false,"pivot":{"x":3.0744757652282717,"y":-3.714113473892212,"z":7.260417461395264},"rotation":{"x":0.26391181349754336,"y":0.14686578512191773,"z":-0.04069525748491287,"w":0.9524310231208801},"size":21.201265335083009,"orthographic":false}